エッグスライム,どろどろ,ぷるるん　ぷるるるるー　エッグスライムはいきなりだきついた
エッグスライム,ぐちゃぐちゃ,うふふ　うふう　エッグスライムはあいてのあしにからみついた！
エッグスライム,　,ポヨポヨポ　エッグスライムは　たのしそうにゆれている
エッグスライム,　,エッグスライムはちょっとしあわせなようだ
エッグスライム,　,エッグスライムはちょっとかなしいようだ
コロボックル,たたかう,ぼくがギャフンといわせてやるー！！
コロボックル,あいさつする,はじめましてー　コロボックルで～　みどりのぼうしがチャームポイントでーす
コロボックル,　,ギャフン！！
コロボックル,　,ヒュー　ヒユー　はくしゅ　はくしゅー
コロボックル,　,キュウゥ～～ッ
バリゾーゴン,ばらす,しょうがくせいのころ　おんなのこ　いじめられて　きょうしつで　パンツ　ぬがされたのはどこのどいつだー　ウッ！　○○はみにおぼえがある！
バリゾーゴン,わるぐち,ださい！！ゴクツブシ！！かいしょうナシ！　ボクネンジン！！ヒトデナシ！　おまえなんか　にんげんの　クズじゃ！　ヘモグロビンくさっと　プチ　○○のなかでなにかがきれた！
バリゾーゴン,　,ぐわわわ～～～ん！
バリゾーゴン,　,わたしが　バリゾーゴン　だ！！
バリゾーゴン,　,ノーフューチャー　イズ　マイフューチャー！　バリゾーゴンは　さけびながら　しんでいった
ライトきょうだい,せかいでさいしょ,にいさん！　れいのわざをつかうよッ　おう！　ぬかるなよッ！　○○はこしをぬかした！
ライトきょうだい,なかまわれ,にいさんのわからずや～！！ピカピカピ　なんだとこの！ボカボカ！！ピカピカピ　○○は　とばっちりを　くった
ライトきょうだい,　,あーッ！　にいさんのあたま　ヒビがはいった！！
ライトきょうだい,　,ピカピカピカピカ　ふたりは　うれしそうに　なかよくひかった
ライトきょうだい,　,こんどは　１００ワットにして　ガンバロウね・・・・
モザイクマン,れんぞくこうげき,オラオラオラオラオラオラオラオラ！　○○は　おもわず　めを　みはった！
モザイクマン,コマンダーＸ,３・・・・　２・・・・　１・・・・　０・・・　モザイクマン　コマンダー　エーーーックス！　ドドドドドドドドドドドドドドドドドドドドッッッ
モザイクマン,　,ウッ　モザイクマンの　うごきが　いっしゅんとまった
モザイクマン,　,ふゥ・・・・　さいこう　だったぜ・・・・
モザイクマン,　,へなへなへな・・・・　モザイクマンは　くたばった
ケロベロス,かみつく,ジュ　マペール　ケル　ジュ　マペール　ベル　ヌ　バルル　アン　プー　フランセ
ケロベロス,しっぽをふる,チュ　ヴ　ダンセ　アヴェック　モワ　○○は　あしを　すくわれた！
ケロベロス,　,ジェ　アンヴィ　ドゥ　ヴォミール・・・　ウイ　ジュ　ル　クロワ　オッスィ
ケロベロス,　,オー　シャンゼリ～ゼ～・・・・　メルスィー　ドモ　アリ　ガートウ
ケロベロス,　,ジュ　ヌ　プー　パ　ル　クロワール！！　ヴー　プレザンテ！！
ランプキン,へんなおどり,はらはらふっほ！　はらはらふっほ　ふるふるふるふるほーッ！！
ランプキン,かぼちゃ,ふがらか　ほがらか　どがんがふっほ　ばんがら　べがらか　どがんがふっほーッ　ランプキンは　ヘンなうたを　うたった！
ランプキン,　,ほげッ　ランプキンは　なかみが　すこしでてしまった
ランプキン,　,はふはふほー
ランプキン,　,ふげげげ～ッ！　ランプキンは　なかみが　ぜんぶでてしまった
ウッドボール,たいあたり,ゴロゴロゴ　ウッドボールは　ころがりだした！
ウッドボール,ばくはつする,ドカァーーン！！
ウッドボール,　,コンコン　ウッドボールは　もくぎょの　ようなおとがした
ウッドボール,　,パチパチ　パチパチ　ウッドボールは　おもわずコーフンした
ウッドボール,　,ぷしゅ　ぷしゅ　ぷしゅ　ウッドボールは　くすぶりながら　きえていった
セクシーボンバー,ダイナマイト,わたしの　こころを　うけとってェー　○○はぶっとんだ！
セクシーボンバー,ミサイルくん,でたッ！！　１きとう　１ばりきのスゴイヤツ！　ミサイルくんは　もえあがった　ボヨヨ～～～～～～～～～～～ン！　とばしてェー！　とめないでェー！！
セクシーボンバー,　,あついッ！　もえるように　あついわッ！！
セクシーボンバー,　,おとなになったら　またいらっしゃい
セクシーボンバー,　,わたしのショーは　これで　お・・し・・ま・・い
おーでーん,ざんてつけん,カタストーーーー！　ちゅる　ちゅる・・・　グサッ
おーでーん,グングニル,ほれ　ほれ　きもちよかろ　おーでーんは　ヤリでグリグリした
おーでーん,　,ちゅる　ちゅる　ちゅる
おーでーん,　,チュウ　チュウ　タコ　かいなー　ちゅる　ちゅる　ちゅる　ちゅる
おーでーん,　,おでーーーん
バルーンフィンチ,ふくらむ,プップクプーーッ！　バルーンフィンチは　むねいっぱい　くうきをすった！
バルーンフィンチ,シャウト,クエーーーーーーーーーーーッ！　バルーンフィンチは　ちょうおんぱを　はなった！
バルーンフィンチ,　,ボウン　ボウン
バルーンフィンチ,　,バルーンフィンチは　うれしそうに　ただよいながら　さっていった
バルーンフィンチ,　,ヒュルルルルゥ～～～～！！　バルーンフィンチは　どこかに　とんでいった
ボルシチ,ちゃんこ,ゴッツァンでーーーーす！　○○は　おもわずしこをふんだ！
ボルシチ,げきからカレー,みよ！！　エスニックの　そこぢからーーー！　ゲロゲロピー・・・　○○の　くちには　あわなかった！
ボルシチ,　,バキン　ボルシチは　ちょっとヘコんだ
ボルシチ,　,カンカラ　カンカンカン！！
ボルシチ,　,ガスパチョ・・・・
くちびるナイト,じょうねつのキス,もう　あなたしか　みえないーーーッ　ブッチューーーーーッ！　○○は　せいしんてき　ダメージをうけた！
くちびるナイト,メイクアップ,あなたのために　きれいになるの・・・　パフパフ　○○は　みのけがよだった
くちびるナイト,　,らんぼうはやめてッ！
くちびるナイト,　,これでもう　あたしのものよーーーッ！　ブッチューーーーーッ！！
くちびるナイト,　,ああ・・・・　あなたのむねで・・・・　とわのねむりに・・・・
てつじん８ごう,コダイミサイル,ミサイル　ダヨ～　○○のずじょうで　ばくはつした！
てつじん８ごう,サイシュウヘイキ,コンシュウノ　メダマ～～～～～！！　ポチットナ・・・　てつじん８ごうは　じばくスイッチをおし　てつじん８ごうの　すてみのこうげき！
てつじん８ごう,　,ボヨヨ～～～～～～～～～～～～～～～～ン！
てつじん８ごう,　,ワタシハ　コダイノ　セントウガタロボット・・・・　ダヨ～ン！
てつじん８ごう,　,ナオ　ワタシハ　ジドウテキニ　ショウメツ・・・・　スルンダヨ～ン！
はんぎょじん,もりこうげき,バンメシに　なってケロッ！　○○は　もりでつつかれた！
はんぎょじん,あしひれアタック,たのむから　バンメシになってケロッ！　はんぎょじんは　あしひれでけとばした！
はんぎょじん,　,はんぎょじんは　うろこがはげた・・・　なんばしよっとねッ！
はんぎょじん,　,かーちゃん　ばんのオカズが　とれたばい　よかろ？　よかろ？
はんぎょじん,　,かーちゃん　こどもたちば　よろしゅう　たのむばい・・・・　グフッ
グランドパパ,わらう,ほっほっほっほっ　グランドパパは　ひくいこえでわらった
グランドパパ,いかる,ピクッ・・・・　グランドパパのまゆが　ピクリとうごい　・・・・・・・・・・・　ホォッ　ホォッ　ホォッ　ホォ　まだまだ　おこるほどのことは　なかろ　ｏ　グランドパパはいかった！
グランドパパ,　,ほっほっほっほっ
グランドパパ,　,ほっほっほっほっ
グランドパパ,　,フッ・・・・
グランドパパ（怒り）,だいげきど,グググォグォグォグォグゥゥォォーーーッッ！　グランドパパの　いかりがばくはつした！
グランドパパ（怒り）,ひっくりかえる,フゥ～～～～！　グランドパパは　おだやかなかおになった！
グランドパパ（怒り）,　,だだだ・・・・だいげきどーーーーーー！
グランドパパ（怒り）,　,おろかものメッ！
グランドパパ（怒り）,　,プッシューーーーーーーーッッッッ！！　グランドパパは　けっかんがきれてしまった
ガートルード,であい,ポッ　このときめきは　なに　これが　あいという　モノなのね～～～～！！
ガートルード,そしてわかれ,わたしとあなたは　てきどう　ひ　ひどいわーッ！！　○○は　わけもわからず　たたかれた！
ガートルード,　,そうよ！　こんなよわいわたし　ぶって！　ぶって！！　ぶって！！！
ガートルード,　,ああっ！！　わたしあいするひとを　ころしてしまったのね！！　・・・・クラッ
ガートルード,　,さようなら　わたしのことはわすれて　しあわせになって・・・・
デス,しにがみのカマ,イッパツ　いかせてもらうデスッ！　・・・・デスッ！！
デス,タマシイヌキ,それでは　えんりょな　ぬかせてもらうデス～～～～ッ！　デスのくちもとに　こうこつ　えみがもれた
デス,　,いたいデスッ！
デス,　,よびこうの　じかんデスッ！
デス,　,こんなんじゃ　りゅうねんデスッ・・・・・・
さすらいマンボー,あのひのおもい,ああァ～　こはんですごした～　あのよるゥ～　きみのひとみはァ～　かがやいていたねェ～　せつなさが　○○をおそった！
さすらいマンボー,さすらいのうた,なぜェ～　おれは～　さすらうのかァ～　だれかがァ～　たすけを～　よぶからさァ～　○○は　うたにききほれた！
さすらいマンボー,　,こんな　いたみなんて　ヘッチャラだゼ　ノッてるぜ　ファイアーだ！　レッツゴー！！
さすらいマンボー,　,あいをみつける～　そのひまで～♪　おれは～　さすらい　つづけるのさァ～♪
さすらいマンボー,　,ベイベー・・・・　あのこに　つたえておくれ　アバヨ・・・・ってね
しろまどうし,ケアル,ＸＹＸＹＬＲＡＢ　ＸＹＸＹＬＲＡ　うえうえしたみぎ　みぎうえ　ひだりひだり　しろまどうしは　へんなじゅもんをとなえた！
しろまどうし,ソーリー,アイム　ソーリ　しろまどうしは　あやまっ　しろまどうしと　○○は　わかいした！！
しろまどうし,　,ＸＹＬＲＢＡじゃったかの・・・　しろまどうしは　かんがえごとをしている
しろまどうし,　,ＹＲＸＬＢＡじゃーーッ！！　しろまどうし　は　やっと　じゅもんを　おもいだした
しろまどうし,　,じゅもんがおもいだせん・・・・　クゥ・・・・
ワラワラ,９９かいパンチ,ワラワラワラワラワラワラワラワラワラワラワ　ワラワラワラワラワラワラワラワラワラワラワ　ワラワラワラワラワラワラワラワラワラワラワ　ワラワラワラワラワラワラワラワラワラワラワ　ワラワラワラワラワラワラウラワラワラワラワ　ワラワラワラワラワラワラワラワラワラワラワ　ワラワラワラワラワラワラワラワラワラワラワ　ワラワラワラワラワラワラワラワラワラワラワ　ワラワラワラワラワラワラワラワラワラワラ！
ワラワラ,９９かいキック,ワラワラワラワラワラワラワラワラワラワラワ　ワラワラワラワラワラワラワラワラワラワラワ　ワラワラワラワラワラワラワラワラワラワラワ　ワラワラワラワラワラワラワラワラワラワラワ　ワラワラワラワラワラワラウラワラワラワラワ　ワラワラワラワラワラワラワラワラワラワラワ　ワラワラワラワラワラワラワラワラワラワラワ　ワラワラワラワラワラワラワラワラワラワラワ　ワラワラワラワラワラワラワラワラワラワラ！
ワラワラ,　,このなかに　ワラギリものが　いるワラ！　ワラワラは　ないぶぶんれつしている
ワラワラ,　,かった　かった　ワーワーさいごにれいのやつ　もういちどー！　ワラワラワラワラワラワラワラワラワラワラワ　ワラワラワラワラワラワラワラワラワラワラワ　ワラワラワラワラワラワラワラワラワラワラワ　ワラワラワラワラワラワラワラワラワラワラワ　ワラワラワラワラワラワラウラワラワラワラワ　ワラワラワラワラワラワラワラワラワラワラワ　ワラワラワラワラワラワラワラワラワラワラワ　ワラワラワラワラワラワラワラワラワラワラワ　ワラワラワラワラワラワラワラワラワラワラ！
ワラワラ,　,ワラワラワラワラワラワラワラワラワラワラワ　ワラワラワラワラワラワラワラワラワラワラワ　ワラワラワラワラワラワラワラワラワラワラワ　ワラワラワラワラワラワラワラワラワラワラワ　ワラワラワラワラワラワラウラワラワラワラワ　ワラワラワラワラワラワラワラワラワラワラワ　ワラワラワラワラワラワラワラワラワラワラワ　ワラワラワラワラワラワラワラワラワラワラワ　ワラワラワラワラワラワラワラワラワラワラ！
ピスクピグプレム,いばらのむち,ばひょろぶーん！　ムチが　うなりをあげて　とびだした！
ピスクピグプレム,わかくさのかおり,あたりには　さわやかなかおりが　たちこめた！
ピスクピグプレム,　,ぶひッ　ピスクピグプレムは　プリプリおこった！
ピスクピグプレム,　,ぶに～　ピスクピグプレムは　うれしそうに　ケツをふった！
ピスクピグプレム,　,ぶにゃ・・・・　ピスクピグプレムは　すごすご　にげだした！
ムーンマッスル,ムーンライト,ハーーーッ　ハッハッハッハッ！　ムーンマッスルは　げっこうにかがや　にくたいを　こじし　○○は　ふかかいなショックをうけた
ムーンマッスル,ダンベルボム,キタエヨ！　ワカキニクタイ！　キヨイココロ　○○はダンベルを　ガシガシくらった！
ムーンマッスル,　,ツヨキカラダ！　キヨイココロ！
ムーンマッスル,　,アアッ・・・・　ニクタイビッ！！
ムーンマッスル,　,ツキヨノヨル　バカリト　オモウナヨ・・・・
スカイプリンセス,ナパームだん,よのなかは　りそうじゃないのよ　わたしに　したがうひとには　じゆうとへいわ　やくそくして　あげるわよー　アハハハハ
スカイプリンセス,さいるいだん,さあ　みんな　なくのよ！　おなきなさい！　あなたたちの　どりょくなんて　すべてムダなのよ　たいせいに　したがいなさい！！　オホホホホ　○○は　７０ねんあんぽのことを　おもいだした！
スカイプリンセス,　,ダメね　あなたたち　サイテー！
スカイプリンセス,　,またこんど　あそんであげるわねー　オホホホホホホホホ
スカイプリンセス,　,ガチョーーン！！
ハデデス,ギャグ,きゅうきょくの　エッグモンスター・・・　ハデス・・・・・・・・・・・　やつのじゃくてんは・・・　・・・　・・・　・・・　・・・　は　　　です・・・・・・・　ぜんぜん　ウケてない
ハデデス,ダジャレ,たてをもってたて！　ソードをもって　ひとそーどー！　カブトをかぶっとる！　かたながなくてカタナシ！　つえをもったつえーやつ！　ナイフをもっていないフリ！　ダジャレを　コクのは　コクなひと！　オノをもって　オノヤスシ！　ぜんぜん　ウケてない
ハデデス,　,ダメージ　あたえちゃ　ダメーじゃっ！　・・・・やっぱり　ぜんぜん　ウケてない
ハデデス,　,みごとな　ギャグじゃ！！
ハデデス,　,なーんてな　これも　ギャグじゃ　・・・・やっぱり　ぜんぜん　ウケてない
おやすみメリー,バリカンでかる,ぼくんち　とこやさんなんだ～　ほほほ～　ナウいソリコミ　いれてあげるネェ　○○は　だっせーソリコミをいれられた！
おやすみメリー,ヴァイオリン,ギュワギュワ　ギュゴーギュゴー　グギィ～！　ふしぎなせんりつがあいてをおそっ　こらえきれない　ねむけがおそう！
おやすみメリー,　,ビーーーーーーーーンッッッ　ヴァイオリンのげんがきれた
おやすみメリー,　,メリーは　にたっとわらった
おやすみメリー,　,ばっはは～～～い
さんようちゅう,ぺろぺろなめる,ペロペロ・・・・　ペロペロ・・・　ペロペロ・・・　○○は　ほっぺたを　なめられた！
さんようちゅう,もぐりこむ,コチョコチョ　さんようちゅうは　わきのしたをくすぐった
さんようちゅう,　,ピキィー　さんようちゅうは　マリのようにまるまった
さんようちゅう,　,キュピ　キュピ　さんようちゅうは　かけずりまわった
さんようちゅう,　,キュピピィーーーーッ！！
ムンクゴースト,シッポビンタ,ホエホエホエーーー　○○は　ビンタのもうこうを　くらった！
ムンクゴースト,さけび,キョエェェーーーーッ！　ムンクゴーストはとつぜんさけん　○○は　ビビってしまった！
ムンクゴースト,　,ホエホエー
ムンクゴースト,　,ホエホエー
ムンクゴースト,　,ホエホエー
メイジュース,かるくずつき,メイジュースは　かるくずつきをし　○○にあたった！　ラッキー！！
メイジュース,メイクイーン,メイジュースは　じめんをコロコロころがっ　○○は　それにあたってコケた！
メイジュース,　,メイジュースは　コクコク　とうなずいた
メイジュース,　,ピース　ピース
メイジュース,　,メイジュースは　ころがって　かえっていった
ファイナルゼリー,けんかをうる,おうおう　なんだ～　その　クチのききかたワッ　しばいたろかッ！　○○は　ガラのわるいヤツだとおもった！
ファイナルゼリー,へばりつく,へへへ・・・・もう　はなさないぜー　てめえはもう　おれのもんじゃーッ！！
ファイナルゼリー,　,あいてみて　メンチきれよッ！
ファイナルゼリー,　,かたぎのくせに　ゴロまいてんじゃねえ！　この　タコすけッ！！
ファイナルゼリー,　,フッ・・・・きにいったぜ・・・・わかいの
やよい,そちゃ,ながたびで　おつかれでしょ　そちゃでもどー　○○は　にがいおちゃを　のまされた！
やよい,おちゃうけ,なんのおかまいもできません　キンツバでもどー　○○は　はらをくだした！
やよい,　,こふ　こふ・・・　やよいは　せきこんだ
やよい,　,おほめに　あずかるほどのことでも　ございませんわ
やよい,　,けっこうな　おてまえで
オイジュース,ずつき,オイジュースは　ずつきをしてみ　さいわい　○○にあたった！？
オイジュース,じゃがいも,オイジュースは　じめんをゴロゴロころがっ　○○は　それにあたりしっしんした！
オイジュース,　,オイジュースは　ウム　とうなずいた
オイジュース,　,よかよか　ウム！
オイジュース,　,オイジュースは　ゴロゴロころがりながら　かえっていった
カメレオンマン,たべちゃうぞー,おーー！　ひさしぶりに　エサにありつけるぞー！
カメレオンマン,とけこむぞー,いまから　おれのとくぎを　みせてやる　カメレオンマンは　はいけいに　とけこんだ　・・・・・・・　あまりこうかは　ないようにおもえる
カメレオンマン,　,ぐえッ！　カメレオンマンは　したをかんでしまった
カメレオンマン,　,ちっちっちっ！　きみたちィ～　はちゅうるいを　バカにしちゃ～　いけないな～！！
カメレオンマン,　,ぐえッ！　ぐえッ！　ぐえッ！！
ダークエルフ,ひとだまくん,ヘヘヘヘヘッ・・・　ダークエルフのはいごに　あやし　ほのおが　ゆらめきだした！　○○は　ひとだまに　おそわれた！！
ダークエルフ,ダークフォース,フフフッ・・・　ダークエルフは　うらみをこめ　○○は　くろいかげに　おそわれた！！
ダークエルフ,　,・・オマエ　・・コロス！
ダークエルフ,　,クックックックッ・・・・
ダークエルフ,　,・・・・・・・・ヒトゴロシ・・・・！！
ウゴカザル,なぐれっ！,わしゃ　うごかん！　○○は　くびをかしげた！
ウゴカザル,かきむしれ！,やかましい！　うごかんといったら　うごかん！　○○は　ヘンなヤツだとおもった！
ウゴカザル,　,ダァーーー！！　じゃれるなッ！！
ウゴカザル,　,うごかざること　やまのごとし！
ウゴカザル,　,わしゃ　しんでも　うごかん！！　・・・・・・・・あ！？
プチデビル,とびげり,ジゴクに　おちろー！！
プチデビル,リトルモアモア,ママのオッパイでももらって　ネンネしな！　○○は　こどもになった！
プチデビル,　,チッ！！・・・・　もう　おこったぞー！！
プチデビル,　,フッフッフッフッフッ・・・・　プチデビルは　ふてきなえみを　うかべた
プチデビル,　,まけち・・・・
キャンドロー,ロウをたらす,わしの　このあついきもち・・・・　うけとれッ！！
キャンドロー,かなしいはなし,・・そして　さいごのマッチのひが　きえたとき・・・　しょうじょは・・・・　つめたくなっていたとさ・・・　○○は　かなしくて　なきだした
キャンドロー,　,オギョロー　キャンドローは　だらしなくのびた
キャンドロー,　,そうかんたんには　もえつきんゾゾロプー
キャンドロー,　,もえつきた・・・・
なめくじおとこ,たんをはく,クァーッペッ　なめくじおとこは　タンをとばした！
なめくじおとこ,ねんえきネバネバ,ふふふ・・・・　おまえも　おれのように　ネバネバに　なるのだァ～　○○は　ねんえきにつつまれた
なめくじおとこ,　,ブヒュ！　ブヒュ！　なめくじおとこは　きいろいしるをだした
なめくじおとこ,　,ヌルーリ　ヌルーリ
なめくじおとこ,　,ベチャベチャ！　なめくじおとこは　もだえながらしんでいった
キノコやろう,トリップダケ,らるろ　らるろ　ららるろー
キノコやろう,ワライダケ,ほれ　くうらろ　しあわへに　なる　○○は　ワライダケをくわされた！
キノコやろう,　,てィもひいーー・・・・
キノコやろう,　,フルフルフルフル　キノコやろうの　よろこびようは　じんじょうでは　なかった
キノコやろう,　,あ・・・・　ちょっと　いたい
ゲーラス,ひっかく,ヒヒヒ・・・　ゲーラスは　ながいツメをだした
ゲーラス,クサイいきをはく,プファ～～～ッ！　○○は　クサイいきをまともにすった！！
ゲーラス,　,ゲーラスは　ニヤリと　ふてきなえみ　うかべた
ゲーラス,　,キヒヒヒヒ・・・・　ゲーラスは　ツメをペロリとなめた
ゲーラス,　,ゲーラスは　ニヤリと　ふてきなえみを　うかべた
クレクレ,ムシャムシャくう,クレクレクレクレクレクレクレクレクレッ！！
クレクレ,しょうかえき,グググ・・・・ブッフゥーッ！　クレクレは　しょうかえきをぶちまけた！
クレクレ,　,ゲップー・・・　クレクレは　おおきなゲップをした
クレクレ,　,クレクレッ！！
クレクレ,　,チャリーーーーーーン！　クレクレは　フォークとナイフを　おとした！！
とうめいにんげん,イタズラがき,こそ　こそ　こ　○○は　かおにらくがきされた！
とうめいにんげん,イナイイナイバア,そろーり　そろー　○○は　くすぐられた！
とうめいにんげん,　,！！・・・　とうめいにんげんは　いたいけど　ガマンしてる
とうめいにんげん,　,イタズラ　ゴメンちゃいなのらー
とうめいにんげん,　,もう　イタズラしないのらー
ラビットサタン,デスのカマ,ひとよんで　フレイムリッパー・・・　このオレさまに　かてるかミョー
ラビットサタン,ラビットキック,べつめい　デュークトルネイドとよばれ　このオレのケリが　かわせるかミョー！！
ラビットサタン,　,ほほ～ん　こうかいするミョ　あかいイナズマとよばれた　このおれ　おこらせたのだからミョー！！
ラビットサタン,　,しょせん　すいせいのラビー　とよばれた　このおれの　てきではなかったミョー！！
ラビットサタン,　,おれの　ほんとうのナは　ピーターてんだ！！　みんなは　ピーちゃんって　よぶミョー・・・・
スモーキーガスト,けむにまく,スピーク　ダー　○○は　ケムに　まかれた！
スモーキーガスト,ちっそくスモーク,スモーキーガストは　のろいのケムリをはい　ちっそくのけむりが　たちこめる！！
スモーキーガスト,　,ゲホゲホゲホ！　スモーキーガストは　むせた
スモーキーガスト,　,スピーク　ダーク
スモーキーガスト,　,けんこうのため　すいすぎには　ちゅういしましょう　ゲホゲホゲホッッッ・・・・！！
フランソワーズ,にげまどう,ああん　どうして！？　どうしてわたしが！　フランソワーズは　てきのふところに　とびこん　○○は　おもわず　はらいのけた！
フランソワーズ,すねる,ちかづかないでよーーッ　たのむから　ひとりにしてちょーだいッ！　フランソワーズは　ナイフをフリまわした　○○に　グサグサささった！
フランソワーズ,　,アアッ　わたしって！　わたしって・・・・！！
フランソワーズ,　,ハッ！　きがつくと　てきを　いっそうしていた・・・・
フランソワーズ,　,びじん　はく・・めい・・！　キュゥーーーッ・・・・
アモン,きゅうしゅう,おろかなるモノたちめ・・・　わが　からだ・・・・　わが　ちからとなれッ・・・　○○は　いきちを　すわれた！
アモン,あんこく,やすらぎのち・・・・　しっこくのせかいに・・・　ひかりをしんじるものに・・・・　やみをッ・・・・
アモン,　,オマエが　きにいったよ・・・　あきらめるんだな・・・・
アモン,　,ふふふ・・・・　じごくにかえるとするか
アモン,　,くっくっくっ・・・・　もういいのさ・・・・　くっくっくっ・・・・
デビルウーマン,モーニングスター,ほーら　おしおきして　ほしいんでし　てっきゅうが　ほしいんでし　てっきゅうが　○○をおそった！
デビルウーマン,とっつかまえる,ふふ・・・・　みつけたわよ　もう　にげられないわ　たくさんいいこと　してあげる　○○は　つかまって　ヒドイめにあった！
デビルウーマン,　,あら　はんこうてきな　たいどをとるのね
デビルウーマン,　,ウフフ　クセに　なっちゃったかしら
デビルウーマン,　,おイタは　ダメって　いったでしょ・・・・　お　バ　カ　さん・・・・
ルキュフェル,６まいのつばさ,ならくのそこまで　ふきとべッ！　つばさは　きょだいなたつまきを　おこした！
ルキュフェル,だらくさせる,こうじょうしんなどすてろ　かいらくいじょうの　なにをのぞむというのだ　リビドーのままに　いきるのだッ！
ルキュフェル,　,わたしをさばけるのは　カミだけだ！！
ルキュフェル,　,おろかな・・・・　せいぎかんに　しばられたまま　しんでいくとは・・・・
ルキュフェル,　,だらくはうつくしい・・・・　しばるもののない　ほんとうの　じゆうだ・・・・
バブリー,バブルストーム,ポコポコポコポコポコポコポコポコポコ・・・・！　たいりょうのあわが　すべてをつつみこんだ！
バブリー,シルキーミスト,スハーーーー　ポコポコポコポコ・・・　ふしぎなきりが　あたりをつつんだ
バブリー,　,パチ　バブルが　はじけた
バブリー,　,キラキラキラキラ・・・・　バブリーは　なないろにかがやいた
バブリー,　,サワサワサワサワ・・・・　たくさんのあわが　かぜでとんでいった
バール,もうどく,ブシューーッ！　バールは　きりじょうのドクを　ぶちまけた！
バール,マリオネット,さァ　おどれ　おどれ・・・・・・・・！　おまえは　おれの　あやつりにんぎょうだッ！　○○は　くろいいとに　あやつられた！
バール,　,ゲロゲロッ　ゲロゲロ　いみもなく　かえるがないた・・・・
バール,　,ドドドドズーーーーーーーーーン！　バールはしょうりに　よいしれた
バール,　,ミャ～～～～～～～　バールは　きしょくわるいこえをだした
フラフラ,フラフラアタック,ウイ～！　のみすぎたごたッ　なさけなか～　まっすぐ　とべんとよ！！
フラフラ,バタバタアタック,なんばしよんさっとねッ！　じゅつなかばい！　フラフラは　あばれだした！
フラフラ,　,いたかやんね！　ほんなこて　フラフラは　じめんにおちた
フラフラ,　,よいが　さめたろーが！　ほんなこて！
フラフラ,　,すんましェ～ん！　わたしが　わるかったと　ですばい・・・・
ゾンビ,ゾンビパンチ,アチャーッ　しかし　バランスをくずして　たおれてしまった　ゾンビは　みずから　ダメージをうけた
ゾンビ,ケアル,ケ・・・・ケ・・・・ケアル　ゾンビのからだは　ほうかいした！　○○は　あぜんとしている　ゾンビは　じめつした！
ゾンビ,　,プス　プス　プス・・・　ゾンビのからだから　メタンガスがはっせいした
ゾンビ,　,レ・・レ・・・・・・レイズ！！
ゾンビ,　,ホケーーッ　どうこうが　ひらいてしまった
ニンフ,うっふんウインク,きみ　いいからだしてるねェ　ニンフは　いろめづかいで　ウインクし　○○は　いきるのぞみを　うしなった！
ニンフ,にくたいび,よし！　きみだけとくべつ　ぼくの　にくたいびを　ごひろうしよう！　○○は　はきけにくるしんだ
ニンフ,　,おとこたちの　せいしをかけた　たたかい・・・　もえるね～～
ニンフ,　,うふふ・・・・　ひさしぶりに　いいあせかいたよ
ニンフ,　,ウッ！！　おおきなかりを　つくってしまった・・・・　かならず　かえさせてもらうよ
エルフドラゴン,かわいいツメ,エルフドラゴンは　ツメで　ひっかいた
エルフドラゴン,かわいくはばたく,エルフドラゴンは　パタパタ　はばたい　ふしぎなそよかぜが　○○　おそった！
エルフドラゴン,　,エルフドラゴンのひとみ　あやしく　ひかっている
エルフドラゴン,　,エルフドラゴンは　むひょうじょうにはばたき　リンプンを　まきちらした
エルフドラゴン,　,エルフドラゴンは　リンプンをばらまいて　ぢめんに　まいおちた
ドラゴンたろう,ツメとキバ,どりゃーッ！　うつべし！　うつべし　かむべし！　かむべし！　かむべし！
ドラゴンたろう,キックとパンチ,どりゃーッ！　パンチ！　パンチ！　パンチ　キック！　キック！　キック！　キック！
ドラゴンたろう,　,シュッ　シュッ！！　ビシ　バシッ！　ドラゴンたろうは　シャドーボクシングを　している
ドラゴンたろう,　,シッポや　ツノこうげきを　だすまでも　なかったようだな
ドラゴンたろう,　,いつのひか　サイコーの　ドラゴンになって・・・・　かならず・・・・　かえってくるっ・・・・！！
ベビーモス,でんぐりがえし,ぷりぷりぷるる　○○のあしもとに　ぶつかった！
ベビーモス,おぶさる,ぷるる～　ぷるる　ベビーモスは　○○のせなかに　おぶさった
ベビーモス,　,ぷりィー　ベビーモスは　むくれた
ベビーモス,　,ぷーい　ぷーい　ベビーモスは　よろこんだ
ベビーモス,　,くしゅん・・・・ぷいぷいーッ！！　ベビーモスはおこった
モーグリ,トライデント,あッ　おさかなだ　うまく　つかまえるグリー　○○は　さかなとまちがわれた！
モーグリ,とっしん,グリグリグリー！　モーグリッ！　○○の　あそこにあたった！
モーグリ,　,ゆるさないグリッ！
モーグリ,　,クポー！！
モーグリ,　,ゴボゴボゴボ　モーグリは　しずんでいった
ハーフドラゴン,シッポ,ブーーー　ハーフドラゴンは　やみくもにしっぽをふった
ハーフドラゴン,キック,ガシ　ガシ　ゲシ　ガシ！　ハーフドラゴンは　やみくもにケリまくった
ハーフドラゴン,　,カック　ハーフドラゴンは　つんのめった
ハーフドラゴン,　,ブン　ブーーーン！！　まだしっぽを　ふっている
ハーフドラゴン,　,サクッ！　ハーフドラゴンは　ハムじょうに　スライスされた
コマイヌ,かみつく,アーングリ　コマイヌは　おおぐち　かみつい　○○は　あたまをかじられた！？
コマイヌ,おどす,コマイヌは　おもいっきり　きょうあく　かおをし　○○のせすじに　なにか　はしった
コマイヌ,　,ピシピシ　コマイヌの　みみがかけた
コマイヌ,　,コマイヌは　いしのかたまりに　もどった
コマイヌ,　,ガラガラガラゴロデズーン　コマイヌは　ほうかいした
ドラゴンフライ,シャチホコ,はいッ！　シャチホコのポ～　おらおらおらーっ！！　けちらせーーッ！！　○○は　しっぽでたたかれた！
ドラゴンフライ,エビフリャー,ドラゴンフライは　あぶらぶろで　くつろい　カラッとあがって　パワーアップ！
ドラゴンフライ,　,いてーがや！
ドラゴンフライ,　,かったがや！
ドラゴンフライ,　,ぴちぴちぴち・・・・
ローラーキラー,ダッシュプレス,ドドドドドドォーッ　ローラーキラーは　そっこうで　てきをおそった
ローラーキラー,メガトンプレス,グリグリグリグリグリグリグリグ　ローラーキラーは　ていねいに　プレスした！
ローラーキラー,　,ブニョ～～～～～　ローラーキラーは　ブヨブヨしている
ローラーキラー,　,ゴロゴロゴロゴロゴロゴロゴロ　ローラーキラーは　ていねいに　てきをのばした
ローラーキラー,　,ぶちゅるちゅーーーーーー　さいごは　なさけない　しにざまだった
タマゴキャリー,うっちゃり,どすこい！　どすこーいッ！！
タマゴキャリー,たまご,ガシ！　ガシ！！　ガシ！！　タマゴキャリーは　たまごをわった！！
タマゴキャリー,　,ピシピシッ　たまごにヒビがッ！！
タマゴキャリー,　,タマゴキャリーは　だいじそうに　タマゴを　みがいた
タマゴキャリー,　,・・・・たいりょくの　げんかいッ！！
ぼーぼーどり,ほのおのはね,シュボボボボッ！　ぼーぼーどりは　もえさかるはねを　とばした
ぼーぼーどり,へるファイア,ウーダダー　ウダダー　ウダウダダーーー！　○○は　ほのおにつつまれた！
ぼーぼーどり,　,メラ　メラ　メラ　メラ！　ぼーぼーどりの　ひとみは　もえている！！
ぼーぼーどり,　,ファイア～～～～～～～～～～～～～～～ッッッ！
ぼーぼーどり,　,シュウーーーーーーッ・・・・　ぼーぼーどりは　はかなくきえた
マシンナイト,ロケットパンチ,ロケット　パァーンチ　こうてつのうでが　とびだした！
マシンナイト,すもうタックル,ドッカーーーーーーーーーン　マシンナイトは　もうれつにとっしんした！
マシンナイト,　,ぺチ　マシンナイトは　なさけないおとをたてた
マシンナイト,　,しょうりのポーズ！！　ガッコン！　ガッコン！！
マシンナイト,　,ガラガラガラグラドシャーーン　マシンナイトは　ほうかいした
ダディ,ボディプレス,おれにちょうせんするたー　１０００まんね　はやいわッ！！
ダディ,にくあつ,ダディは　オイルでてかる　にくたいをあびせた
ダディ,　,ころーーーす！！
ダディ,　,おれは　にげもかくれもしねェ！　うでにじしんがあるなら　どーーんとこいッ！！
ダディ,　,うけとれ・・・・　これが　チャンピオンベルトだ！
ドラゴンパピー,ほのおをはく,フンガーーーーーーッ　ドラゴンパピーは　ほのおをはいた！
ドラゴンパピー,なつく,ぴゃー　ぴゃ　ドラゴンパピーはかわいがられた！
ドラゴンパピー,　,ぴぎゃーッ　いたいけなようじに　なにする～ン！！
ドラゴンパピー,　,はやく　りっぱなどらごんになるノ～～～ン！
ドラゴンパピー,　,ぎゃぴィーーーッ！！
ヘビーモス,ケンカをする,ジュニアよ　ケンカってのは　こうやるん　そりゃそりゃそりゃ～～～～～～！　キューーー　ベビーモスが　しんけんなめで　みまもっている
ヘビーモス,しっぽをふる,ジュニアよ　しっぽは　たたかいのきほん　よーく　みておくんだぞ！　ヘビーモスは　シッポを　ふりまわした　キュピー！　ベビーモスは　かんしんしている
ヘビーモス,　,ハッハッハ　あいてはあれで　こうげきのつもりなんだぞ！
ヘビーモス,　,どーーだい　ジュニアよ　パパは　つよいだろーう！？
ヘビーモス,　,ジュニアよ　パパをのりこえて　つよくいきろよ！　ベビーモスは　なみだをこらえて　はしりさった
テュポーン,クジラアタック,マッコーーーーーーーー　アターーーーッック！　テュポーンは　ムテッポウに　つっこんだ！
テュポーン,しおふき,プシューーーーーーーーーーーーーーーッ！　テュポーンは　いきおいよく　しおをふいた！
テュポーン,　,マッコウくせェ　こうげきはやめろッ！！
テュポーン,　,おれに　さわると・・・・しおふくぜ・・・・
テュポーン,　,ケッコウ　やるなあァ・・・・
ハニワゴーレム,ハニードリル,ハニワッッッッ！！
ハニワゴーレム,ハニーはりて,ハニハニッッッッ！！
ハニワゴーレム,　,ドンときな～　むねをかしたる～
ハニワゴーレム,　,ん～　こんなもンかなァ～
ハニワゴーレム,　,まいったなァ～　マケちまったぞォ～
あたし,くちづけ,ああっ　たまらないワッ　あいしてるワッ　だいてッ　だきしめてェーーーーーッ！　○○は　さいだいの　ショックを　うけた
あたし,かたらい,うふふっ　しんきょは　だいかんやま　いっこだての　いえを　かりるのよ！　そして　あたし　まいあさ　おみそしるつくる　こんなこと　いうのって　おかしいかしら　でもでもだってだって　あなたを　あいしてる　わたしあなたの　あかちゃんが　ほしい　とつじょ　めまいが　おそった！！
あたし,　,おんなって　つよいのよ
あたし,　,ウフッ　ムキになるとこが　かわいいわね　また　くるわね
あたし,　,おぼえてらっしゃい！！　またくるわよッ！
ぞうさんだいおう,パオーのはな,パオパオー　おはな　ぶぶぶぶーん！　ぞうさんだいおうは　はなをふりまわした！
ぞうさんだいおう,パオーのおなか,パオパオー　おなか　ぽぽぽぽーん！　ぞうさんだいおうは　おなかをさわらせた！
ぞうさんだいおう,　,パオ！　ぞうさんだいおうは　くびをかしげた
ぞうさんだいおう,　,パオパオー　ぞうさんだいおうは　おなかをたたいて　よろこんだ
ぞうさんだいおう,　,パオーーーッ！！　ぞうさんだいおうは　とつぜん　はしりだした
サイクロプス,にくだんこうげき,ウオオーー　サイクロプスは　たいあたりした！
サイクロプス,ほうがんなげ,ドウーーン　○○は　クサリホウガンを　くらった！
サイクロプス,　,サイクロプスは　くやしさのあまり・・・　おどった
サイクロプス,　,サイクロプスは　しょうりのおどりを　おどった！
サイクロプス,　,サイクロプスは　おどりながら　きえていった！
にんげんライダー,ドラゴンアタック,ゴォォーーーーッ！　しゃくねつの　ほのおが　○○　のみこんだ！
にんげんライダー,にんげんアタック,ベシッ！　ドラゴンは　にんげんを　あいてにたたきつけ　こうげきした！
にんげんライダー,　,ピー・・・・　ピー・・・　ドラゴンは　あまえている
にんげんライダー,　,ピー・・・・　ピー・・・・！　ドラゴンは　エサにありついて　かんきした
にんげんライダー,　,ドラゴンは　つめたくなった　おとこをつれて　とびさっていった
てんりゅう,イカズチ,ガラガラドッピャラプーーーーーーー！　ふえのねかろく　おまつりアタック！！
てんりゅう,ほうこう,グウオォォォーーーッ！　てんりゅうの　ほうこうが　なりひびいた！
てんりゅう,　,まつりだ！　まつりだッ！！
てんりゅう,　,カクカクカクカク！！！　てんりゅうは　くちを　カクカクならした
てんりゅう,　,オゴォォォォォォォォォッッッッッ！！　・・・・・・・・　てんりゅうは　からまった・・・・
ちきゅうちゃん,だいじしん,ズドドドドドドドドドドーーー　でたっ！！　これが　ちきゅうの　いかりだ！！
ちきゅうちゃん,ハルマゲドン,うわーーーっ　じしんだー　たすけてくれー！　おとうちゃーん　こわいよ　うわァァァッ　いったい　なにがおきるんだァ　タカシさんっ！　ちきゅうが！　ちきゅうがァ　つなみだーッ！　にほんは　ちんぼつするぞ　オーーーーマーーーーイガーーーー！！　てんぺんちいがやってきた！！！！！　ドッカーーーーーーーーーーーン！！！！！　ちきゅうは　だいばくはつした
ちきゅうちゃん,　,ちきゅうのうえでは　やおよろずのかみ　たたかいを　みまもっている
ちきゅうちゃん,　,ちきゅうは　かんどうのなみだを　こらえている
ちきゅうちゃん,　,ズズズズズズズ　ちきゅうは　ほうかいしてしまった！？　・・・・・・
コロコロムシ,せなかにはりつく,ガサガサガサッ・・・・　シャクッ！　コロコロムシは　いきなりだきついた
コロコロムシ,いとをだす,コロコロムシは　くちから　ほそなが　いとをだした　○○は　からまってうごけない
コロコロムシ,　,グシャ
コロコロムシ,　,ワサワサワサ・・・・
コロコロムシ,　,ササササササーーー　コロコロムシは　にげだした
あいのししゃ,あいのひかり,サア・・・・　ワタシノ　アイヲ・・・・　○○は　あいのひかりにつつまれた！
あいのししゃ,だきしめる,ミンナ　マチガッテマス・・・　あいのししゃは　なきながらだきついた　これってなんだか　テレくさい・・・・？
あいのししゃ,　,モウ　キハ　スミマシタカ・・・・？
あいのししゃ,　,アイニ　キヅツキ　シンデイク・・・・　ウウッ・・・・　ドウシテ　ミンナ　あいのししゃは　なきながらさっていった
あいのししゃ,　,ナンテ　ヒドイコトヲ　スルンダァー・・・・
マミー,ファラオのさばき,ファラオのさばき！　うけてみそ！！
マミー,ほうたいをまく,マミーめいぶつ　ほうたいのまい　うけてみそ！
マミー,　,マミーは　おいしい　ごっくん・・・・
マミー,　,マミーは　ダディと　チュッ　チュッ　チュッ・・・・
マミー,　,マミーは　ようじの　ごほん・・・・
メトロノーム,もっとはやく！！,ダメだ　ダメだ　ダメだ　おそい！　おそすぎる！　○○は　しきぼうで　たたかれた！
メトロノーム,もっとおそく！！,ダメ！　ダメ！！　ダメ！！　ダメ！　はやすぎる！　もっとタメるんだ！　○○は　うごきがにぶくなった！
メトロノーム,　,ズンズン　チャッ　チャッ！　ズン　ズン　チャッ　メトロノームは　リズムをとっている
メトロノーム,　,そうそう　このリズムだよッ！！
メトロノーム,　,うわァ～！　リズムが　くるってしまったー！！
フリージボーイ,エアコン,ヒューーールリダ　ヘロホリダーー　○○は　れいきがほねにしみた！
フリージボーイ,れいとう,ヒュゥ～～～～ルリラ　○○は　おもわず　ブルッとき　いてつくかぜが　はしりすぎた！！
フリージボーイ,　,サクサク　かろやかなてごたえ
フリージボーイ,　,フリージボーイは　まんぞくげに　まいおどった
フリージボーイ,　,キューーーン　フリージボーイは　いじけてしまった
ニンニクマン,でまえいっちょ,はい　おきゃくさん　なに　くう　アルか！　○○は　あついラーメンをくらった！
ニンニクマン,ニオウンデス,ハァ～～～　ニンニクマンは　くさいいきを　はきだし　○○は　はなをつまんだ！
ニンニクマン,　,おきゃくさん！　きょうは　いいてんき　アルね！　つりにでも　いきたいアルネ
ニンニクマン,　,おきゃくさん　マケある　ドンブリあらっていく　よろし　アルネ！
ニンニクマン,　,キビシィーーー！！
バッティングマン,ホームラン,このしょうぶ！　もらったァーーッ！　○○は　フェンスをこえた！
バッティングマン,せんぼんノック,こらァーッ！　きあい　いれんかーーッ！　いくぞーーーッ！　○○は　おにのような　ノックをくらった！
バッティングマン,　,そのちょうしだァ～ッ！！
バッティングマン,　,やるき～あンのかーーッ！　くらァーーッ！！
バッティングマン,　,よ～し！　きょうは　これまでー！！
エルフ,こうきゅう,ひかりよ！　このよの　やみと　じゃあくを　きりさけッッ！！
エルフ,かえんのまい,たいきよ　ふるえろッ　しゃくねつのかぜとなり　すべてをつつみこめ　あたりは　ひのうみに　つつまれた！
エルフ,　,たたかいたくて　たたかってるんじゃないんだ　わかいしよう！！　はなしあおう！！
エルフ,　,かぜよ　だいちよ　そしてたいようよ！！　ぼくに　ちからをあたえてくれて　ありがとう！！
エルフ,　,どうか　そのちからを　せいぎのために・・・・　・・・・・・・・ガクッ
サンドワーム,ドリルでほる,こんやも　あさまで～　エンヤコラ　エンヤコラ　たのしいな～ったら　たのしいな～♪　ヘイッ！！
サンドワーム,てぬきこうじ,フゥ・・・・　やっと　おわったぜ・・・・　とおもったしゅんかん　じめんがくずれだした！
サンドワーム,　,おっと・・・・　あんぜんだいいち！！
サンドワーム,　,おっと・・・・　きょうは　きゅうりょうびだ！！
サンドワーム,　,おっと・・・・　ふいのじこだ！！
コーヒービート,マラカスビート,ウゥ～～～ッ！　マンボーッ！　バイラリ～ア　コンミ～ゴ！　○○は　マラカスでなぐられた
コーヒービート,エスプレッソ,アブロ　ウン　ポコ　デ　エスパニョ～ル！　コーヒービートは　エスプレッソをのませ　○○は　こうふんした！
コーヒービート,　,ウッ　コーヒービートは　いっしゅん　うごきがとまった
コーヒービート,　,マンボッ！　マンボッ！！　マンボッ！！！　コーヒービートは　はげしくおどった
コーヒービート,　,リャーメ　ア　ウン　メディゴ・・・・　コーヒービートは　コーヒーをはいて　たおれこんだ
なると,ぎざぎざ,○○は　おもわず　ほおずりした・・・・
なると,うずまき,○○は　めをまわした！！
なると,　,ぷるるーん
なると,　,なるとは　さっていった
なると,　,なるとは　まけてしまった
エクスカリバー,エクスカリバる,エーークスッ　カリバァーーーーッ！　○○は　まっぷたつに　きりさかれた！
エクスカリバー,マサムネる,マサーーッ　ムネェーーーーッ！　○○は　じゅうもんじに　きりさかれた！
エクスカリバー,　,きゅうきょくの　ラグナロクるまで　あといっぽ
エクスカリバー,　,まだ　ゆうしゃは　あらわれンのか・・・・
エクスカリバー,　,しんのゆうしゃよ！　わたしをあたえよう・・・・　なに～　いらないだと～～！！
ヒュドラ,まきつく,おもいっきり　だきしめて　あ・・・・げ・・・・　ボキッ　バキッ　○○は　ほねをくだかれた！
ヒュドラ,ウォーター,みずへびヒュドラを　あまくみないで　はげしいみずしぶきが　○○をおそった！
ヒュドラ,　,わたしが　いちばんだって　おしえてあげる！！
ヒュドラ,　,ウフフフフッ　あたしのかちね・・・・　あなたより　もっとつよいひと　たくさんいたわよ
ヒュドラ,　,いったーい　しんじらンなーい！！
ユニコーン,つのでつく,ユニコーンは　ゆうきをだして　とっしんした！
ユニコーン,うしろあしキック,ユニコーンは　とつぜんあばれだした　○○は　マヌケにもあたった！
ユニコーン,　,ユニコーンは　つぶらなひとみで　こっち　みている
ユニコーン,　,ヒヒーン　ヒヒーン　ユニコーンは　うれしそうに　いなないた
ユニコーン,　,ユニコーンは　なきながらかえっていった
ガーコイル,スプリング,ないても　さけんでも　だれも　たすけにきちゃ　くれねーよッ！　○○は　きりきざまれた
ガーコイル,するどいツメ,ひさしぶりのエモノだ・・・・　たっぷりと　かわいがってやるぜッ！！
ガーコイル,　,ビヨヨォ～ン　ガーコイルは　さゆうにゆれて　わらっている
ガーコイル,　,オレをたおしたきゃ　ハデスでもつれてきな　ケッケッケッケッ・・・・
ガーコイル,　,ホップ！　ステップ！　ジャーーンプ！！　ガーコイルは　にげだした
スロウケンタ,ばていしゅりけん,おれは　ゆいしょただしき　サラブレッド　あくとうども　かくごする　ぶひひん！！
スロウケンタ,ぴたんこアロー,だいだいつたわる　せいなるや　この　ピッタンコのやを　うけるぶひ！　やは　おそろしいまでの　きゅういんりょく　○○にへばりついた！
スロウケンタ,　,よくもやったな　ぶひひん！！
スロウケンタ,　,せいぎは　ぶひひーん
スロウケンタ,　,おれは　めげない　ぶひひん！！
メデューサ,おうふくビンタ,バシ　バシッ！　ウムをいわさない　メデューサの　おうふくビンタ！　○○は　ほっぺがはれた！
メデューサ,せきぞうにおなり,みたわ　どんなことになるか　おしえてあげるわ！　○○は　じぞうのように　かたくなった　せきかこうせんに　てらされた！！
メデューサ,　,なにするのよ！　いたいじゃないッ！！
メデューサ,　,ウブなひとね　こんなに　かたくなっちゃって
メデューサ,　,おぼえてらっしゃいッ！！
たまごまじん,どつく,フムフム　たやすい　ごようです　パパラパー！　○○は　あたまをどつかれた！
たまごまじん,いかずちをおとす,ハッハッハッハッ　たやすいごよう！！　パパラパー！　○○は　らくらいにあった！
たまごまじん,　,パパラパー！！
たまごまじん,　,それでは　ごしゅじんさま　パパラパー！！
たまごまじん,　,ハッハッハッハッ　たまごまじんは　ごまかすように　わらった
アマゾン,サラマンドのけん,この　かいわいに　アタイの　びぼうとけんじゅつ　かてるヤツは　いないのよッ！！
アマゾン,ガラハドのけん,アンタもかわいそうだが　これもさだめさ　トットときえちまいな！
アマゾン,　,チッ！！　しぶといヤツ！
アマゾン,　,あいてがワルかったネ　おとなしくかえりな　こんどあったら　タダじゃすまないよ
アマゾン,　,おかしけりゃ　わらいな　アタイのマケだよ　すきにしな！！
シカルドラゴン,ステッキでたたく,このバカもンがーッ！！　としよりのはなし　ちゃんと　せいざして　きかんかーー！　○○は　おしりがはれてしまった！
シカルドラゴン,せっきょう,いまのわかいもんは　ぜんぜんなっとらん　まったく　ガミガミガミ・・・・　○○は　おもわずねてしまった！
シカルドラゴン,　,そのたいどが　イカンといっとるのだッ！！
シカルドラゴン,　,ウム！！　もうにどとくるなよ
シカルドラゴン,　,プシューーーーーーッ！　シカルドラゴンは　ちをふいてたおれた
フロストベビー,バブー,バブーーーーーーーーーッ！　○○は　たいあたりをくらった！
フロストベビー,オギャー,オギャーーーーー！！　そのこえで　だいちがふるえ　○○は　なだれにおそわれた！
フロストベビー,　,ピシピシ　フロストベビーの　こおりが　とけかけてる！
フロストベビー,　,あちたも　せいぎのために　たたかうでちゅ　ガチーーーーーーーーーーーーーーーンッ！！　ベビーとガチーンは　たからかにわらった
フロストベビー,　,あたらちいボディに　こうかんだッ！
アレス,けんできる,けんとは　こうしてつかうものだ！！　アレスは　かれいにけんをあやつった
アレス,けんをかざす,アレスが　てんたかくけんをかざす　あんうんがたちこめ　たつまきがあらわれた
アレス,　,ぐんしんアレスに　さからうと　ふとどきせんばん！
アレス,　,たわいもないッ！　あしもとにも　およばぬわッ！！
アレス,　,このわたしを　たおすとは・・・・　みごとだ・・・・！
レッドドラゴン,ウイング,クエッ　クエーーーーッ！　ザババザババザバババザババババッッ！　きょうふうが　○○をおそった！
レッドドラゴン,マグマふんしゃ,ゴゴゴゴゴォォォォォーーーーーーーッッッッ！　しゃくねつのほのをが　○○　のみこんだ！
レッドドラゴン,　,ガルルルルルルルルルルルルルルルルル・・・・　レッドドラゴンは　うなりごえをあげてる
レッドドラゴン,　,バッサ　バッサ　バッサ　バッサ　レッドドラゴンは　はばたいて　さっていった
レッドドラゴン,　,コケーーーーッ！
カバドラゴン,きこうだん,アノクタラ　サンミャク　サンボダイ・・・　カーーーーーッ！　きのかたまりが　○○　おそった！
カバドラゴン,ぼんじこうせん,アブーーラ　カタブーーラ！　ひたいのもじが　にじいろにかがやきだした！
カバドラゴン,　,グラナ　ラメラ～　ストロマ　ラメラ　カバドラゴンは　さらにきをたかめた
カバドラゴン,　,ナム　カルボナル　エスパニョーロ・・・・　カバドラゴンは　ネンブツをとなえた
カバドラゴン,　,・・・・・・・・
ハデス,デビルオーラ,しこそは　びょうどうに　あたえられる　ほろびこそ　すべてを　しはいするものなり！　○○は　さつりくのオーラに　つつまれ　みんな　しんでしまった
ハデス,サイコバーン,むちなるかな　おのが　いきとせるつ　おのれじしんの　むねに　ふかくきざま　えいごうの　やみのさばきを　サイコバーーンッッ！　○○は　きょうふの　ドンゾコ　たたきこまれ　みんなうごけない
ハデス,　,おそれをしらぬ　ものたちよ　しんのきょうふを　あじわうがよい！！
ハデス,　,せいなるが　きょうふをさとり　しのふちにねむれ　そのこどう　そのしわく　すべてわがしはいのもとに
ハデス,　,し　しんじられぬ！　きさまは　カミかッ！！
スプリミリョーネ,つくしんボム,かもん　つくしたち！　○○のあしもとに　つくしがは　ばくはつした！
スプリミリョーネ,はるのうた,じゅうはちばん　はるのうた　うたいます　ヘヘイ　ヘイ♪　はるが　やってきた　フフン　フン♪　こいの　きせつだね　うたごえとともに　さわやかな　はるのかぜ　○○は　ハイな　きぶんになった！
スプリミリョーネ,　,いや～　いい　よきょう　だった！　さ～て　うたげを　つづけるかの～！
スプリミリョーネ,　,あ～ら　こちら　おつよい！　ぜひ　いっしょに　もりあがりたいですな・・・　おさきに　あのよで　まってます～ッ！
サマカンテ,ホットないちげき,わたしの　あつい　いちげきに　たえられるか　ウラウラ　ウラ～ッ！　ねっきの　こもった　パンチが　○○　おそった！　こ　これは　あついッ！！
サマカンテ,ひとなつのこい,おもいだせ　せいしゅんの　ニガイおもいでを　きみは　あのよる　うみべで　こくはくし・・・　ふられたんだったなッ！　な　なぜ　それを！　○○の　こころのキズ　はげしく　いたみだした！
サマカンテ,　,なかなか　あつい　たたかいだった！　もっと　おれを　あつくする　ヤツは　おらんのか～ッ！？
サマカンテ,　,おれたちは　もう　もどれない・・・・　あの　あつい　なつには・・・・　ってか～ッ！！
フォーリシア,かれはのまい,あいしゅうの　かれはたち　その　かなしみと　うらみを　○○に　むすうの　かれはが　まいあが　○○の　からだを　きりさいた！
フォーリシア,うらみうた,わたしを　すてた　あのひとの～　さいごの　ことばが　よみがえる～　○○は　うんざりした　きぶん　させられた！
フォーリシア,　,シクシク・・・・　あなたも　あのひとと　おなじ・・・・　わたしを　のこして　しんでしまうのね・・・・
フォーリシア,　,ああ・・・・　わたし　しぬのね・・・・　はかなく　そして　かなしい　わたしの　じんせいに・・・・　サヨナラ・・・・
ウイナッツォ,あついおでん,さむかろう　これでもくって　あったまるんだな　○○は　あつい　しる　タップリの　はんぺんを　くち　ねじこまれた！
ウイナッツォ,こたつでねむれ,さ～　ねむれ　わが　こたつの　なかで　○○は　こたつで　ね　かぜを　ひいて　しまった！
ウイナッツォ,　,さむい　ふゆには　からだを　うごかすにかぎる！　おかげで　あったまったぞ！　クカカカ・・・・！！
ウイナッツォ,　,ウウ！　こたつの　せきがいせん　ランプが！　さ・・・・　さむ・・・・！
だいまおう,かんぺきこうげき,くらえ　これが　かんぺきな　こうげきだ　だいまおうは　うで　あし　つばさ　しっぽ　き　たてがみ　すべてを　つかい　こうげきしてきた！
だいまおう,てんぺんちい,しぜんをも　あやつる　ちから　これぞ　かんじゅくの　ちからだ！　じしん　かみなり　つなみ　たつまき　さんせい　そして　いんせき　あらゆる　しぜんげんしょう　○○を　おそった！
だいまおう,　,ば・ばかな・・・・！！
ハードマン,ハードアタック,いくわよ　グリーン！　イエロー　まかせんしゃい　ブルー　たのむぞ　レッド！　ハードアタ～～ック　５にんの　ちからを　あつめた　ボール　○○を　ふきとばした！
ハードマン,ハードバズーカ,よし　ハードバズーカだッ！　ターゲット　セットオン　ハード　ブレ～～イクッ！　チャチで　おおあじな　バズーカだ　いりょくは　すさまじい！！
ハードマン,　,キャーッ！　だいじょうぶか　ピンク！！　レッド！　このままじゃ・・・・！
ハードロボ,かたゆでぎり,レッド　てきが　ひるんだ！　やるならいまだッ　おーッ！　かんじゅくけん　らんおう　かたゆでぎりッ　きょだいな　つるぎが　○○　うちおとされた！
ハードロボ,エッグスライサー,よし　アレを　つかうぞッ　しかし　チェーンが　もたないかも　しれないぞ　いちかばちかだ　やるしかない！　いくぞ　ぜんいんが　たちこぎ！　すさまじい　パワーだ！　○○は　ゆでたまごの　よう　わぎりにされた！！
ハードロボ,　,レッド！　けいほうが！　レッド！　チェーンが　やききれる！　レッド！　だっしゅつを！　レッド！！　うるせ～　おまえら～～～ッ！！
ランパイア,デッドリーネイル,かんじゅくの　とぎすまされた　ツメのあじ　いかがかな　ランパイアの　するどいツメ　○○の　のどもとを　きりさいた！
ランパイア,エキスキッス,いにしえの　のろい　おもいしるがよい　○○は　エキスを　ちゅうにゅうされた！
ランパイア,　,ウグ・・・・！　はんじゅくエキスが　からだのなかで・・・・！　グガアアアア！！
ノブナーガ,おけはざまぎり,ぬけば　たまちる　こおりのやいば　うぬらごときに　みきれるものかッ！　オーッケー！　はざまぎりじゃ！！
ノブナーガ,ナーガいもの,ナーガいものには　まかれるがよい　ノブナーガの　しっぽが　のびた　○○の　からだに　まきつ　みうごきが　とれない　からだの　じゆうが　うばわれた！
ノブナーガ,　,か～ん～じゅ～く～　ご～じゅ～う～ね～ん・・・・　げ～て～ん～の　う～ち～を　く～ら～ぶ～れ～　バアッ！！
だいとうりょう,じょうりゅうけん,ジョウリュウ～ケン　○○の　からだが　ふきとばされた　ここが　かわだったら　まちがいな　じょうりゅうまで　いっていたはずだ！
だいとうりょう,ズグラーク,メイク　マイ　デイ！　だいとうりょうの　ひとみが　ギラリとひかる　いわのような　ぎおんの　もじ　○○に　ふりそそいだ！
だいとうりょう,　,オ～マイガッ・・・・　ア～ンビリ～バボ～・・・・！
エッグママ,ぼせいほんのう,ワタシノ　カワイイ　ムスコガ　ウマレヨウ　スル　ジャマヲ　スルナラ　クジョシマス　エッグママの　ぼせいほんのうが　さくれつ　はげしい　いちげき！！
エッグママ,せんのう,ハンジュクデ　アルコトハ　ツミナコ　アナタモ　カンジュクヲ　メザスノデス　エッグママの　からだから　コードが　のびる　○○は　いまの　じぶんに　ぎもん　もった！
エッグママ,　,シュウフク　システム　タイハ・・・・　セントウ　ゾッコウ　フカノウ・・・・　ボイルドニハ　イジョウナシ・・・・
クーモン,ちょうみりょう,ヘッヘッヘ！　なかなか　うまそうだぜ　○○は　ちょうみりょうを　かけられた　からだが　シビれる！
クーモン,くうもん！,いただくぜ～ッ　ゴックンちょ　○○は　まるのみに　された！！
クーモン,　,まだまだ　くいたりねえ～ッ・・・・！！
スーモン,マントをとじる,おまえたちの　こうげきなど　つうじぬ！
スーモン,すうもん！,きたれ　わが　げんわくの　くうかんへ　○○の　せいめいりょくが　マントのなか　くうかんに　すいこまれた！
スーモン,　,さあ・・・・　ボイルドさまの　ごたんじょうだ・・・・！！
